CO_ORDER,county_id,CO_NAME,Acres,job_spaces_orig,job_spaces_new,job_spaces_change,resunits_orig,resunits_new,resunits_change,density_hhemp_orig,density_hhemp_new,density_hhemp_change
1.0,3.0,Weber,5588.964902130001,48500.0,101500.0,53000.0,10100.0,46100.0,36000.0,10.0,26.0,16.0
2.0,1.0,Davis,5678.039579837046,43000.0,131200.0,88200.0,10300.0,69000.0,58700.0,9.0,35.0,26.0
3.0,2.0,Salt Lake,18332.35336601074,302800.0,589900.0,287100.0,45000.0,234400.0,189400.0,19.0,45.0,26.0
4.0,4.0,Utah,6775.015257978494,89500.0,187400.0,97900.0,18600.0,88100.0,69500.0,16.0,41.0,25.0
10.0,10.0,,36374.37310595628,483900.0,1009900.0,526000.0,84000.0,437500.0,353500.0,16.0,40.0,24.0
