ClassOrder,ClassDescription,Acres,job_spaces_orig,job_spaces_new,job_spaces_change,resunits_orig,resunits_new,resunits_change,density_hhemp_orig,density_hhemp_new,density_hhemp_change,Acres_Unchanged_Percent,Acres_Redev_Percent,Acres_Dev_Percent,job_spaces_redev_percentadd,job_spaces_dev_percentadd,resunits_redev_percentadd,resunits_dev_percentadd
1.0,Metropolitan Center and TOD,623.612760455218,64000.0,144000.0,80000.0,4000.0,54000.0,50000.0,109.0,318.0,209.0,0.47939313289791124,0.3275329896391543,0.19307387746293447,0.528688624056461,0.471311375943539,0.6220282072904263,0.37797179270957365
2.0,Metropolitan Center and No TOD,310.13358209877174,10000.0,28000.0,18000.0,2000.0,14000.0,12000.0,38.0,135.0,97.0,0.48492570034529253,0.40020451800507156,0.11486978164963595,0.7201116644838204,0.27988833551617964,0.7653484460113524,0.23465155398864757
3.0,Urban Center and TOD,2194.377217738865,57000.0,208000.0,151000.0,10000.0,94000.0,84000.0,31.0,138.0,107.0,0.49713868158964925,0.30445432195224476,0.19840699645810597,0.5460990519356501,0.4539009480643499,0.593514946103205,0.406485053896795
4.0,Urban Center and No TOD,8840.698832910337,134000.0,469000.0,335000.0,22000.0,203000.0,181000.0,18.0,76.0,58.0,0.5627082869611522,0.21982327395403467,0.21746843908481311,0.4421861747852395,0.5578138252147604,0.4843077649113597,0.5156922350886404
5.0,City Center and TOD,2463.1278627243014,30000.0,112000.0,82000.0,5000.0,53000.0,48000.0,14.0,67.0,53.0,0.37706425064151494,0.3167369235870905,0.30619882577139457,0.4107373781765724,0.5892626218234277,0.4964350402348673,0.5035649597651326
6.0,City Center and No TOD,18267.519644245356,149000.0,428000.0,279000.0,31000.0,192000.0,161000.0,10.0,34.0,24.0,0.42453410129780467,0.22633613644054126,0.3491297622616541,0.2679037733020808,0.7320962266979193,0.36593559146460314,0.6340644085353968
7.0,TOD Only,7142.639124164843,76000.0,118000.0,42000.0,23000.0,46000.0,23000.0,14.0,23.0,9.0,0.5620632791905333,0.26296222909953354,0.1749744917099332,0.4283571688338246,0.5716428311661755,0.48199335468113946,0.5180066453188605
8.0,Total,39842.10902433769,520000.0,1508000.0,988000.0,97000.0,656000.0,559000.0,16.0,54.0,38.0,0.4822422770230655,0.24428569436537245,0.27347202861156206,0.4178564285302218,0.5821435714697782,0.48550463303226593,0.514495366967734
